-- Adminer 4.8.1 MySQL 8.0.28-0ubuntu0.20.04.3 dump

SET NAMES utf8;
SET time_zone = '+00:00';
SET foreign_key_checks = 0;
SET sql_mode = 'NO_AUTO_VALUE_ON_ZERO';

SET NAMES utf8mb4;

DROP TABLE IF EXISTS `account`;
CREATE TABLE `account` (
  `id` bigint unsigned NOT NULL AUTO_INCREMENT,
  `profile_id` bigint unsigned NOT NULL,
  `details` varchar(255) CHARACTER SET utf8mb4 COLLATE utf8mb4_unicode_ci DEFAULT NULL,
  `created_at` timestamp NULL DEFAULT NULL,
  `updated_at` timestamp NULL DEFAULT NULL,
  PRIMARY KEY (`id`),
  KEY `account_profile_id_foreign` (`profile_id`),
  CONSTRAINT `account_profile_id_foreign` FOREIGN KEY (`profile_id`) REFERENCES `profile` (`id`) ON DELETE CASCADE
) ENGINE=InnoDB DEFAULT CHARSET=utf8mb4 COLLATE=utf8mb4_unicode_ci;

INSERT INTO `account` (`id`, `profile_id`, `details`, `created_at`, `updated_at`) VALUES
(1,	1,	'New Account Created',	'2021-11-18 12:51:56',	'2021-11-18 12:51:56'),
(2,	2,	'Sign Up',	'2021-11-18 12:57:47',	'2021-11-18 12:57:47'),
(3,	2,	'New Account Created',	'2021-11-18 12:59:23',	'2021-11-18 12:59:23'),
(4,	3,	'Sign Up',	'2021-11-18 13:10:25',	'2021-11-18 13:10:25'),
(5,	3,	'New Account Created',	'2021-11-18 13:10:28',	'2021-11-18 13:10:28'),
(6,	3,	'New Account Created',	'2021-11-18 13:10:57',	'2021-11-18 13:10:57'),
(7,	3,	'New Account Created',	'2021-11-18 13:11:16',	'2021-11-18 13:11:16'),
(8,	3,	'New Account Created',	'2021-11-18 13:11:50',	'2021-11-18 13:11:50'),
(9,	3,	'New Account Created',	'2021-11-18 13:11:58',	'2021-11-18 13:11:58'),
(10,	3,	'New Account Created',	'2021-11-18 13:12:07',	'2021-11-18 13:12:07'),
(11,	3,	'New Account Created',	'2021-11-18 13:12:22',	'2021-11-18 13:12:22'),
(12,	3,	'New Account Created',	'2021-11-18 13:12:48',	'2021-11-18 13:12:48'),
(13,	3,	'New Account Created',	'2021-11-18 13:12:56',	'2021-11-18 13:12:56'),
(14,	3,	'New Account Created',	'2021-11-18 13:13:10',	'2021-11-18 13:13:10'),
(15,	3,	'New Account Created',	'2021-11-18 13:13:19',	'2021-11-18 13:13:19'),
(16,	3,	'New Account Created',	'2021-11-18 13:13:31',	'2021-11-18 13:13:31'),
(17,	3,	'New Account Created',	'2021-11-18 13:13:38',	'2021-11-18 13:13:38'),
(18,	3,	'New Account Created',	'2021-11-18 13:13:55',	'2021-11-18 13:13:55'),
(19,	3,	'New Account Created',	'2021-11-18 13:14:05',	'2021-11-18 13:14:05'),
(20,	3,	'New Account Created',	'2021-11-18 13:14:15',	'2021-11-18 13:14:15'),
(21,	3,	'New Account Created',	'2021-11-18 13:14:43',	'2021-11-18 13:14:43'),
(22,	3,	'New Account Created',	'2021-11-18 13:15:04',	'2021-11-18 13:15:04'),
(23,	3,	'New Account Created',	'2021-11-18 13:16:09',	'2021-11-18 13:16:09'),
(24,	3,	'New Account Created',	'2021-11-18 13:16:28',	'2021-11-18 13:16:28'),
(25,	3,	'New Account Created',	'2021-11-18 13:16:42',	'2021-11-18 13:16:42'),
(26,	1,	'limit reached',	'2021-11-18 13:16:51',	'2021-11-18 13:16:51'),
(27,	3,	'New Account Created',	'2021-11-18 13:16:51',	'2021-11-18 13:16:51'),
(28,	3,	'New Account Created',	'2021-11-18 13:17:58',	'2021-11-18 13:17:58'),
(29,	2,	'limit reached',	'2021-11-18 13:18:07',	'2021-11-18 13:18:07'),
(30,	3,	'New Account Created',	'2021-11-18 13:18:07',	'2021-11-18 13:18:07'),
(31,	3,	'New Account Created',	'2021-11-18 13:18:55',	'2021-11-18 13:18:55'),
(32,	4,	'Sign Up',	'2021-11-18 13:22:11',	'2021-11-18 13:22:11'),
(33,	3,	'New Account Created',	'2021-11-18 13:25:17',	'2021-11-18 13:25:17'),
(34,	5,	'Sign Up',	'2021-11-19 08:32:03',	'2021-11-19 08:32:03'),
(35,	6,	'Sign Up',	'2021-11-19 08:32:42',	'2021-11-19 08:32:42'),
(36,	7,	'Sign Up',	'2021-11-19 08:33:59',	'2021-11-19 08:33:59'),
(37,	8,	'Sign Up',	'2021-11-19 08:34:29',	'2021-11-19 08:34:29'),
(38,	8,	'New Account Created',	'2021-11-19 08:34:34',	'2021-11-19 08:34:34'),
(39,	9,	'Sign Up',	'2021-11-19 08:37:21',	'2021-11-19 08:37:21'),
(40,	1,	'New Account Created',	'2021-11-19 12:12:02',	'2021-11-19 12:12:02'),
(41,	10,	'Sign Up',	'2021-11-19 12:42:44',	'2021-11-19 12:42:44'),
(42,	1,	'New Account Created',	'2021-11-19 12:47:23',	'2021-11-19 12:47:23'),
(43,	11,	'Sign Up',	'2021-11-19 12:58:15',	'2021-11-19 12:58:15'),
(44,	12,	'Sign Up',	'2021-11-19 13:11:14',	'2021-11-19 13:11:14'),
(45,	1,	'New Account Created',	'2021-11-19 14:10:14',	'2021-11-19 14:10:14'),
(46,	1,	'New Account Created',	'2021-11-19 14:10:22',	'2021-11-19 14:10:22'),
(47,	1,	'New Account Created',	'2021-11-19 14:10:30',	'2021-11-19 14:10:30'),
(48,	1,	'New Account Created',	'2021-11-19 14:10:39',	'2021-11-19 14:10:39'),
(49,	12,	'New Account Created',	'2021-11-19 14:10:48',	'2021-11-19 14:10:48'),
(50,	1,	'New Account Created',	'2021-11-19 14:10:56',	'2021-11-19 14:10:56'),
(51,	1,	'New Account Created',	'2021-11-19 14:11:13',	'2021-11-19 14:11:13'),
(52,	1,	'New Account Created',	'2021-11-19 14:11:23',	'2021-11-19 14:11:23'),
(53,	1,	'New Account Created',	'2021-11-19 14:11:30',	'2021-11-19 14:11:30'),
(54,	1,	'New Account Created',	'2021-11-19 14:11:37',	'2021-11-19 14:11:37'),
(55,	1,	'New Account Created',	'2021-11-19 14:11:45',	'2021-11-19 14:11:45'),
(56,	1,	'New Account Created',	'2021-11-19 14:11:55',	'2021-11-19 14:11:55'),
(57,	1,	'New Account Created',	'2021-11-19 14:12:09',	'2021-11-19 14:12:09'),
(58,	1,	'New Account Created',	'2021-11-19 14:12:15',	'2021-11-19 14:12:15'),
(59,	1,	'New Account Created',	'2021-11-19 14:12:22',	'2021-11-19 14:12:22'),
(60,	1,	'New Account Created',	'2021-11-19 14:12:30',	'2021-11-19 14:12:30'),
(61,	2,	'limit reached',	'2021-11-19 14:12:37',	'2021-11-19 14:12:37'),
(62,	1,	'New Account Created',	'2021-11-19 14:12:37',	'2021-11-19 14:12:37'),
(63,	1,	'New Account Created',	'2021-11-19 14:12:45',	'2021-11-19 14:12:45'),
(64,	3,	'limit reached',	'2021-11-19 14:12:52',	'2021-11-19 14:12:52'),
(65,	4,	'limit reached',	'2021-11-19 14:12:52',	'2021-11-19 14:12:52'),
(66,	1,	'New Account Created',	'2021-11-19 14:12:52',	'2021-11-19 14:12:52'),
(67,	5,	'limit reached',	'2021-11-19 14:13:09',	'2021-11-19 14:13:09'),
(68,	1,	'New Account Created',	'2021-11-19 14:13:09',	'2021-11-19 14:13:09'),
(69,	6,	'limit reached',	'2021-11-19 14:13:16',	'2021-11-19 14:13:16'),
(70,	1,	'New Account Created',	'2021-11-19 14:13:16',	'2021-11-19 14:13:16'),
(71,	7,	'limit reached',	'2021-11-19 14:13:22',	'2021-11-19 14:13:22'),
(72,	1,	'New Account Created',	'2021-11-19 14:13:22',	'2021-11-19 14:13:22'),
(73,	1,	'New Account Created',	'2021-11-19 14:13:29',	'2021-11-19 14:13:29'),
(74,	8,	'limit reached',	'2021-11-19 14:13:35',	'2021-11-19 14:13:35'),
(75,	1,	'New Account Created',	'2021-11-19 14:13:35',	'2021-11-19 14:13:35'),
(76,	1,	'New Account Created',	'2021-11-19 14:13:41',	'2021-11-19 14:13:41'),
(77,	9,	'limit reached',	'2021-11-19 14:13:50',	'2021-11-19 14:13:50'),
(78,	1,	'New Account Created',	'2021-11-19 14:13:50',	'2021-11-19 14:13:50'),
(79,	1,	'New Account Created',	'2021-11-19 14:13:58',	'2021-11-19 14:13:58'),
(80,	10,	'limit reached',	'2021-11-20 10:12:21',	'2021-11-20 10:12:21'),
(81,	4,	'New Account Created',	'2021-11-20 10:12:21',	'2021-11-20 10:12:21'),
(82,	11,	'limit reached',	'2021-11-20 10:12:56',	'2021-11-20 10:12:56'),
(83,	13,	'Sign Up',	'2021-11-20 10:12:57',	'2021-11-20 10:12:57'),
(84,	13,	'New Account Created',	'2021-11-20 10:13:29',	'2021-11-20 10:13:29'),
(85,	13,	'New Account Created',	'2021-11-20 10:14:13',	'2021-11-20 10:14:13'),
(86,	13,	'New Account Created',	'2021-11-20 10:14:30',	'2021-11-20 10:14:30'),
(87,	13,	'New Account Created',	'2021-11-20 10:14:39',	'2021-11-20 10:14:39'),
(88,	13,	'New Account Created',	'2021-11-20 10:15:08',	'2021-11-20 10:15:08'),
(89,	13,	'New Account Created',	'2021-11-20 10:15:17',	'2021-11-20 10:15:17'),
(90,	13,	'New Account Created',	'2021-11-20 10:15:27',	'2021-11-20 10:15:27'),
(91,	13,	'New Account Created',	'2021-11-20 10:15:36',	'2021-11-20 10:15:36'),
(92,	13,	'New Account Created',	'2021-11-20 10:15:45',	'2021-11-20 10:15:45'),
(93,	13,	'New Account Created',	'2021-11-20 10:16:03',	'2021-11-20 10:16:03'),
(94,	13,	'New Account Created',	'2021-11-20 10:16:11',	'2021-11-20 10:16:11'),
(95,	13,	'New Account Created',	'2021-11-20 10:16:19',	'2021-11-20 10:16:19'),
(96,	13,	'New Account Created',	'2021-11-20 10:16:28',	'2021-11-20 10:16:28'),
(97,	13,	'New Account Created',	'2021-11-20 10:16:37',	'2021-11-20 10:16:37'),
(98,	13,	'New Account Created',	'2021-11-20 10:16:50',	'2021-11-20 10:16:50'),
(99,	13,	'New Account Created',	'2021-11-20 10:16:58',	'2021-11-20 10:16:58'),
(100,	13,	'New Account Created',	'2021-11-20 10:17:29',	'2021-11-20 10:17:29'),
(101,	13,	'New Account Created',	'2021-11-20 10:17:37',	'2021-11-20 10:17:37'),
(102,	2,	'limit reached',	'2021-11-20 10:17:46',	'2021-11-20 10:17:46'),
(103,	13,	'New Account Created',	'2021-11-20 10:17:46',	'2021-11-20 10:17:46'),
(104,	13,	'New Account Created',	'2021-11-20 10:17:54',	'2021-11-20 10:17:54'),
(105,	3,	'limit reached',	'2021-11-20 10:18:02',	'2021-11-20 10:18:02'),
(106,	13,	'New Account Created',	'2021-11-20 10:18:02',	'2021-11-20 10:18:02'),
(107,	5,	'limit reached',	'2021-11-20 10:18:11',	'2021-11-20 10:18:11'),
(108,	13,	'New Account Created',	'2021-11-20 10:18:11',	'2021-11-20 10:18:11'),
(109,	6,	'limit reached',	'2021-11-20 10:18:19',	'2021-11-20 10:18:19'),
(110,	13,	'New Account Created',	'2021-11-20 10:18:19',	'2021-11-20 10:18:19'),
(111,	7,	'limit reached',	'2021-11-20 10:18:29',	'2021-11-20 10:18:29'),
(112,	13,	'New Account Created',	'2021-11-20 10:18:29',	'2021-11-20 10:18:29'),
(113,	13,	'New Account Created',	'2021-11-20 10:18:56',	'2021-11-20 10:18:56'),
(114,	8,	'limit reached',	'2021-11-20 10:19:06',	'2021-11-20 10:19:06'),
(115,	13,	'New Account Created',	'2021-11-20 10:19:06',	'2021-11-20 10:19:06'),
(116,	13,	'New Account Created',	'2021-11-20 10:21:45',	'2021-11-20 10:21:45'),
(117,	1,	'limit reached',	'2021-11-20 10:24:10',	'2021-11-20 10:24:10'),
(118,	9,	'limit reached',	'2021-11-20 10:24:10',	'2021-11-20 10:24:10'),
(119,	13,	'New Account Created',	'2021-11-20 10:24:10',	'2021-11-20 10:24:10'),
(120,	4,	'limit reached',	'2021-11-20 10:24:20',	'2021-11-20 10:24:20'),
(121,	12,	'limit reached',	'2021-11-20 10:24:20',	'2021-11-20 10:24:20'),
(122,	13,	'New Account Created',	'2021-11-20 10:24:20',	'2021-11-20 10:24:20'),
(123,	10,	'limit reached',	'2021-11-20 10:24:52',	'2021-11-20 10:24:52'),
(124,	13,	'New Account Created',	'2021-11-20 10:24:52',	'2021-11-20 10:24:52'),
(125,	11,	'limit reached',	'2021-12-14 12:10:06',	'2021-12-14 12:10:06'),
(126,	4,	'New Account Created',	'2021-12-14 12:10:06',	'2021-12-14 12:10:06'),
(127,	14,	'Sign Up',	'2021-12-14 12:10:35',	'2021-12-14 12:10:35'),
(128,	15,	'Sign Up',	'2021-12-23 09:21:06',	'2021-12-23 09:21:06'),
(129,	16,	'Sign Up',	'2021-12-23 11:31:00',	'2021-12-23 11:31:00'),
(130,	4,	'New Account Created',	'2021-12-30 09:42:12',	'2021-12-30 09:42:12'),
(131,	17,	'Sign Up',	'2021-12-30 09:45:06',	'2021-12-30 09:45:06'),
(132,	18,	'Sign Up',	'2022-01-28 12:18:17',	'2022-01-28 12:18:17'),
(133,	16,	'New Account Created',	'2022-01-28 12:24:32',	'2022-01-28 12:24:32'),
(134,	19,	'Sign Up',	'2022-01-28 12:30:45',	'2022-01-28 12:30:45'),
(135,	20,	'Sign Up',	'2022-02-09 10:00:17',	'2022-02-09 10:00:17'),
(136,	21,	'Sign Up',	'2022-02-09 10:14:17',	'2022-02-09 10:14:17'),
(137,	21,	'New Account Created',	'2022-02-09 10:16:00',	'2022-02-09 10:16:00'),
(138,	3,	'New Account Created',	'2022-02-09 11:13:35',	'2022-02-09 11:13:35'),
(143,	4,	'New Account Created',	'2022-03-11 09:59:06',	'2022-03-11 09:59:06'),
(145,	2,	'limit reached',	'2022-03-11 10:03:56',	'2022-03-11 10:03:56'),
(147,	24,	'Sign Up',	'2022-03-11 10:03:56',	'2022-03-11 10:03:56'),
(149,	5,	'limit reached',	'2022-03-11 10:10:41',	'2022-03-11 10:10:41'),
(150,	24,	'New Account Created',	'2022-03-11 10:10:41',	'2022-03-11 10:10:41'),
(151,	6,	'limit reached',	'2022-03-11 10:15:45',	'2022-03-11 10:15:45'),
(153,	7,	'limit reached',	'2022-03-11 10:21:02',	'2022-03-11 10:21:02'),
(157,	8,	'limit reached',	'2022-03-11 10:24:49',	'2022-03-11 10:24:49'),
(160,	1,	'limit reached',	'2022-03-11 10:33:15',	'2022-03-11 10:33:15'),
(161,	9,	'limit reached',	'2022-03-11 10:33:15',	'2022-03-11 10:33:15'),
(162,	27,	'Sign Up',	'2022-03-11 10:33:16',	'2022-03-11 10:33:16'),
(163,	12,	'limit reached',	'2022-03-11 10:46:39',	'2022-03-11 10:46:39'),
(164,	24,	'New Account Created',	'2022-03-11 10:46:39',	'2022-03-11 10:46:39');

DROP TABLE IF EXISTS `branch`;
CREATE TABLE `branch` (
  `id` bigint unsigned NOT NULL AUTO_INCREMENT,
  `name` varchar(255) CHARACTER SET utf8mb4 COLLATE utf8mb4_unicode_ci NOT NULL,
  `address` varchar(255) CHARACTER SET utf8mb4 COLLATE utf8mb4_unicode_ci NOT NULL,
  `created_at` timestamp NULL DEFAULT NULL,
  `updated_at` timestamp NULL DEFAULT NULL,
  PRIMARY KEY (`id`)
) ENGINE=InnoDB DEFAULT CHARSET=utf8mb4 COLLATE=utf8mb4_unicode_ci;

INSERT INTO `branch` (`id`, `name`, `address`, `created_at`, `updated_at`) VALUES
(45,	'Saibaba Colony',	'Coimbatore',	'2022-02-09 10:24:27',	'2022-02-09 10:26:08'),
(46,	'Ram Nagar',	'Coimbatore',	'2022-02-09 10:24:57',	'2022-02-09 10:26:29');

DROP TABLE IF EXISTS `failed_jobs`;
CREATE TABLE `failed_jobs` (
  `id` bigint unsigned NOT NULL AUTO_INCREMENT,
  `uuid` varchar(255) CHARACTER SET utf8mb4 COLLATE utf8mb4_unicode_ci NOT NULL,
  `connection` text CHARACTER SET utf8mb4 COLLATE utf8mb4_unicode_ci NOT NULL,
  `queue` text CHARACTER SET utf8mb4 COLLATE utf8mb4_unicode_ci NOT NULL,
  `payload` longtext CHARACTER SET utf8mb4 COLLATE utf8mb4_unicode_ci NOT NULL,
  `exception` longtext CHARACTER SET utf8mb4 COLLATE utf8mb4_unicode_ci NOT NULL,
  `failed_at` timestamp NOT NULL DEFAULT CURRENT_TIMESTAMP,
  PRIMARY KEY (`id`),
  UNIQUE KEY `failed_jobs_uuid_unique` (`uuid`)
) ENGINE=InnoDB DEFAULT CHARSET=utf8mb4 COLLATE=utf8mb4_unicode_ci;


DROP TABLE IF EXISTS `migrations`;
CREATE TABLE `migrations` (
  `id` int unsigned NOT NULL AUTO_INCREMENT,
  `migration` varchar(255) CHARACTER SET utf8mb4 COLLATE utf8mb4_unicode_ci NOT NULL,
  `batch` int NOT NULL,
  PRIMARY KEY (`id`)
) ENGINE=InnoDB DEFAULT CHARSET=utf8mb4 COLLATE=utf8mb4_unicode_ci;

INSERT INTO `migrations` (`id`, `migration`, `batch`) VALUES
(1,	'2014_10_12_100000_create_password_resets_table',	1),
(2,	'2019_08_19_000000_create_failed_jobs_table',	1),
(3,	'2019_12_14_000001_create_personal_access_tokens_table',	1),
(4,	'2021_09_20_131550_create_branch_table',	1),
(5,	'2021_09_20_131558_create_profile_table',	1),
(6,	'2021_09_20_131559_create_users_table',	1),
(7,	'2021_09_20_131712_create_transaction_table',	1),
(8,	'2021_11_11_173011_create_account_table',	1);

DROP TABLE IF EXISTS `password_resets`;
CREATE TABLE `password_resets` (
  `email` varchar(255) CHARACTER SET utf8mb4 COLLATE utf8mb4_unicode_ci NOT NULL,
  `token` varchar(255) CHARACTER SET utf8mb4 COLLATE utf8mb4_unicode_ci NOT NULL,
  `created_at` timestamp NULL DEFAULT NULL,
  KEY `password_resets_email_index` (`email`)
) ENGINE=InnoDB DEFAULT CHARSET=utf8mb4 COLLATE=utf8mb4_unicode_ci;


DROP TABLE IF EXISTS `personal_access_tokens`;
CREATE TABLE `personal_access_tokens` (
  `id` bigint unsigned NOT NULL AUTO_INCREMENT,
  `tokenable_type` varchar(255) CHARACTER SET utf8mb4 COLLATE utf8mb4_unicode_ci NOT NULL,
  `tokenable_id` bigint unsigned NOT NULL,
  `name` varchar(255) CHARACTER SET utf8mb4 COLLATE utf8mb4_unicode_ci NOT NULL,
  `token` varchar(64) CHARACTER SET utf8mb4 COLLATE utf8mb4_unicode_ci NOT NULL,
  `abilities` text CHARACTER SET utf8mb4 COLLATE utf8mb4_unicode_ci,
  `last_used_at` timestamp NULL DEFAULT NULL,
  `created_at` timestamp NULL DEFAULT NULL,
  `updated_at` timestamp NULL DEFAULT NULL,
  PRIMARY KEY (`id`),
  UNIQUE KEY `personal_access_tokens_token_unique` (`token`),
  KEY `personal_access_tokens_tokenable_type_tokenable_id_index` (`tokenable_type`,`tokenable_id`)
) ENGINE=InnoDB DEFAULT CHARSET=utf8mb4 COLLATE=utf8mb4_unicode_ci;

INSERT INTO `personal_access_tokens` (`id`, `tokenable_type`, `tokenable_id`, `name`, `token`, `abilities`, `last_used_at`, `created_at`, `updated_at`) VALUES
(46,	'App\\Models\\User',	19,	'API Token',	'812c6859c0f28a8859abe1fa3ab78d74989eb9f94ed335885a20956e1f4cbb16',	'[\"*\"]',	'2022-01-28 15:15:58',	'2022-01-28 12:41:43',	'2022-01-28 15:15:58'),
(47,	'App\\Models\\User',	19,	'API Token',	'095c886e3f4057bf053cf9beea071cb3d4caa5674e5dacc14ae7990916948839',	'[\"*\"]',	'2022-01-28 15:17:07',	'2022-01-28 15:13:03',	'2022-01-28 15:17:07'),
(65,	'App\\Models\\User',	2,	'API Token',	'746d519bccf90aef5ade9c7fc7e5ec451997a1b2cf3e8f9cff8f6b393ebc683e',	'[\"*\"]',	NULL,	'2022-02-08 15:44:58',	'2022-02-08 15:44:58'),
(66,	'App\\Models\\User',	2,	'API Token',	'33808c21988b4b54a9d732d57acb47b29b88108f554dd86ed27d05d7aebb38ec',	'[\"*\"]',	'2022-02-08 15:46:44',	'2022-02-08 15:45:55',	'2022-02-08 15:46:44'),
(67,	'App\\Models\\User',	2,	'API Token',	'40b2bc2dd0bb69e83cb19e10cec9f0e85c854d2fd890fb25c5970543a0038261',	'[\"*\"]',	'2022-02-08 16:47:57',	'2022-02-08 15:47:14',	'2022-02-08 16:47:57'),
(68,	'App\\Models\\User',	2,	'API Token',	'65b2906eadc647575fcbe76a7295d7c3644f1f7e7b4f80ea0edcb1580d9a0def',	'[\"*\"]',	'2022-02-09 09:42:33',	'2022-02-09 09:42:17',	'2022-02-09 09:42:33'),
(69,	'App\\Models\\User',	2,	'API Token',	'0ee81462dddac0f8766662de637e8cdcca8fc3253aa380f2f4b2ad569943db2f',	'[\"*\"]',	'2022-02-09 09:51:37',	'2022-02-09 09:44:39',	'2022-02-09 09:51:37'),
(70,	'App\\Models\\User',	2,	'API Token',	'1e715beaa7b2abc16d676627c2a47f701b989bf099fcb58c7cb33e12bc0117dd',	'[\"*\"]',	'2022-02-09 09:57:19',	'2022-02-09 09:52:37',	'2022-02-09 09:57:19'),
(71,	'App\\Models\\User',	2,	'API Token',	'5e59ec4d22ee1ecff6d590df99a4ec0e4f3238fcfc0f20ae5049e92c1383c77f',	'[\"*\"]',	NULL,	'2022-02-09 10:16:28',	'2022-02-09 10:16:28'),
(72,	'App\\Models\\User',	2,	'API Token',	'a19d5d7553cf1f5cb7d6ea92070c834fb3793c5af1631e983c370650b5df72b2',	'[\"*\"]',	'2022-02-09 10:45:47',	'2022-02-09 10:43:11',	'2022-02-09 10:45:47'),
(73,	'App\\Models\\User',	2,	'API Token',	'56e6253032c466aab5511a8d519e347bc5f408eb4d54e299b26736ba21110b85',	'[\"*\"]',	'2022-02-09 10:52:28',	'2022-02-09 10:51:42',	'2022-02-09 10:52:28'),
(74,	'App\\Models\\User',	2,	'API Token',	'e2010df8ca7519fc4be3c16b7168d178204a92255ce63a03818ed17f73bd831c',	'[\"*\"]',	'2022-02-09 14:28:41',	'2022-02-09 13:48:19',	'2022-02-09 14:28:41'),
(75,	'App\\Models\\User',	2,	'API Token',	'8e439352c0aa092b3efe965257c83a917fc696e000a29543510d94ee646ed7d9',	'[\"*\"]',	'2022-02-11 15:01:41',	'2022-02-11 10:22:38',	'2022-02-11 15:01:41'),
(76,	'App\\Models\\User',	2,	'API Token',	'e5f45bc4ceeb8932a4321f89588632e2499620f34b404cea08a206312e2695bf',	'[\"*\"]',	'2022-02-11 14:29:52',	'2022-02-11 14:29:27',	'2022-02-11 14:29:52'),
(77,	'App\\Models\\User',	2,	'API Token',	'60504904126af9a264248965857e141e45b7576559b905855d9f5aba0949c4d2',	'[\"*\"]',	'2022-02-11 14:43:08',	'2022-02-11 14:42:46',	'2022-02-11 14:43:08'),
(78,	'App\\Models\\User',	2,	'API Token',	'640c0ff3b12cee4e3942b75919f8043c394f98312ec00334ba28f245306be4b1',	'[\"*\"]',	'2022-03-02 12:13:06',	'2022-03-02 12:06:06',	'2022-03-02 12:13:06');

DROP TABLE IF EXISTS `profile`;
CREATE TABLE `profile` (
  `id` bigint unsigned NOT NULL AUTO_INCREMENT,
  `name` varchar(255) CHARACTER SET utf8mb4 COLLATE utf8mb4_unicode_ci NOT NULL,
  `address` varchar(255) CHARACTER SET utf8mb4 COLLATE utf8mb4_unicode_ci DEFAULT NULL,
  `phone` varchar(255) CHARACTER SET utf8mb4 COLLATE utf8mb4_unicode_ci NOT NULL,
  `place` varchar(255) CHARACTER SET utf8mb4 COLLATE utf8mb4_unicode_ci DEFAULT NULL,
  `image` varchar(255) CHARACTER SET utf8mb4 COLLATE utf8mb4_unicode_ci DEFAULT 'user-avatar.jpg',
  `branch_id` bigint unsigned DEFAULT NULL,
  `current_position` varchar(255) CHARACTER SET utf8mb4 COLLATE utf8mb4_unicode_ci DEFAULT NULL,
  `user_id` varchar(255) CHARACTER SET utf8mb4 COLLATE utf8mb4_unicode_ci DEFAULT NULL,
  `created_at` timestamp NULL DEFAULT NULL,
  `updated_at` timestamp NULL DEFAULT NULL,
  PRIMARY KEY (`id`)
) ENGINE=InnoDB DEFAULT CHARSET=utf8mb4 COLLATE=utf8mb4_unicode_ci;

INSERT INTO `profile` (`id`, `name`, `address`, `phone`, `place`, `image`, `branch_id`, `current_position`, `user_id`, `created_at`, `updated_at`) VALUES
(1,	'Admin',	'10/59,Kodankulam',	'9943060246',	NULL,	'1637380165_images.jfif',	40,	'0',	NULL,	'2021-11-11 04:34:52',	'2022-03-11 10:46:39'),
(2,	'test123',	'test',	'1234567890',	NULL,	'1637324138_OLChrPKWry.jpg',	45,	'9',	'7001',	'2021-11-18 12:57:47',	'2022-03-11 10:46:39'),
(3,	'priya',	'test',	'7867997754',	NULL,	'1637324207_download (1).jfif',	39,	'17',	'7002',	'2021-11-18 13:10:25',	'2022-03-11 10:46:39'),
(4,	'nivy',	NULL,	'6382136965',	NULL,	'1637324229_boat-2.jpg',	42,	'12',	'7003',	'2021-11-18 13:22:10',	'2022-03-11 10:46:39'),
(5,	'Roshan',	NULL,	'7708617850',	NULL,	'user-avatar.jpg',	40,	'6',	'7004',	'2021-11-19 08:32:03',	'2022-03-11 10:46:39'),
(6,	'Latha',	'Test',	'6373839303',	NULL,	'user-avatar.jpg',	46,	'5',	'7005',	'2021-11-19 08:32:42',	'2022-03-11 10:46:39'),
(7,	'RoshanR',	NULL,	'9790308716',	NULL,	'user-avatar.jpg',	40,	'4',	'7006',	'2021-11-19 08:33:59',	'2022-03-11 10:46:39'),
(8,	'IruthayaRoshan',	NULL,	'9600470605',	NULL,	'user-avatar.jpg',	42,	'2',	'7007',	'2021-11-19 08:34:29',	'2022-03-11 10:46:39'),
(9,	'Dhinesh',	NULL,	'7539940305',	NULL,	'user-avatar.jpg',	39,	'0',	'7008',	'2021-11-19 08:37:21',	'2022-03-11 10:46:39'),
(10,	'Priya',	NULL,	'9597187259',	NULL,	'user-avatar.jpg',	40,	'29',	'7009',	'2021-11-19 12:42:44',	'2022-03-11 10:46:39'),
(11,	'webstromer',	NULL,	'8903904290',	NULL,	'1637316558_OLChrPKWry.jpg',	39,	'28',	'7010',	'2021-11-19 12:58:14',	'2022-03-11 10:46:39'),
(12,	'test',	NULL,	'9790234893',	NULL,	'user-avatar.jpg',	40,	'30',	'7011',	'2021-11-19 13:11:14',	'2022-03-11 10:46:39'),
(13,	'priyanka',	NULL,	'7826860880',	NULL,	'user-avatar.jpg',	42,	'29',	'7012',	'2021-11-20 10:12:56',	'2022-03-11 10:46:39'),
(14,	'mari',	NULL,	'6383537284',	NULL,	'user-avatar.jpg',	42,	'28',	'7013',	'2021-12-14 12:10:35',	'2022-03-11 10:46:39'),
(15,	'winson',	NULL,	'9994904147',	NULL,	'user-avatar.jpg',	42,	'27',	'7014',	'2021-12-23 09:21:06',	'2022-03-11 10:46:39'),
(16,	'Arun Kumar K',	NULL,	'8190010993',	NULL,	'user-avatar.jpg',	42,	'22',	'7015',	'2021-12-23 11:31:00',	'2022-03-11 10:46:39'),
(17,	'NAVEEN',	NULL,	'9080276582',	NULL,	'user-avatar.jpg',	42,	'24',	'7016',	'2021-12-30 09:45:05',	'2022-03-11 10:46:39'),
(18,	'Alex',	NULL,	'8344070470',	NULL,	'user-avatar.jpg',	1,	'22',	'7017',	'2022-01-28 12:18:16',	'2022-03-11 10:46:39'),
(19,	'Arun Kumar K',	NULL,	'8190010992',	NULL,	'user-avatar.jpg',	42,	'21',	'7018',	'2022-01-28 12:30:45',	'2022-03-11 10:46:39'),
(20,	'krishna',	NULL,	'8526314394',	NULL,	'user-avatar.jpg',	42,	'20',	'7019',	'2022-02-09 10:00:16',	'2022-03-11 10:46:39'),
(21,	'mydeen',	'test',	'9087953000',	NULL,	'user-avatar.jpg',	45,	'17',	'7020',	'2022-02-09 10:14:17',	'2022-03-11 10:46:39'),
(24,	'jamal',	NULL,	'8428937026',	NULL,	'user-avatar.jpg',	45,	'7',	'7022',	'2022-03-11 10:03:56',	'2022-03-11 10:46:39'),
(27,	'Alex',	'qwe',	'8973879089',	'test',	'user-avatar.jpg',	45,	'2',	'7023',	'2022-03-11 10:33:15',	'2022-03-11 11:38:40');

DROP TABLE IF EXISTS `transaction`;
CREATE TABLE `transaction` (
  `id` bigint unsigned NOT NULL AUTO_INCREMENT,
  `profile_id` bigint unsigned NOT NULL,
  `details` varchar(255) CHARACTER SET utf8mb4 COLLATE utf8mb4_unicode_ci DEFAULT NULL,
  `amount` varchar(255) CHARACTER SET utf8mb4 COLLATE utf8mb4_unicode_ci NOT NULL,
  `from_to` bigint unsigned DEFAULT NULL,
  `cd_status` varchar(255) CHARACTER SET utf8mb4 COLLATE utf8mb4_unicode_ci NOT NULL,
  `created_at` timestamp NULL DEFAULT NULL,
  `updated_at` timestamp NULL DEFAULT NULL,
  PRIMARY KEY (`id`),
  KEY `transaction_profile_id_foreign` (`profile_id`),
  KEY `transaction_from_to_foreign` (`from_to`),
  CONSTRAINT `transaction_from_to_foreign` FOREIGN KEY (`from_to`) REFERENCES `profile` (`id`) ON DELETE CASCADE,
  CONSTRAINT `transaction_profile_id_foreign` FOREIGN KEY (`profile_id`) REFERENCES `profile` (`id`) ON DELETE CASCADE
) ENGINE=InnoDB DEFAULT CHARSET=utf8mb4 COLLATE=utf8mb4_unicode_ci;

INSERT INTO `transaction` (`id`, `profile_id`, `details`, `amount`, `from_to`, `cd_status`, `created_at`, `updated_at`) VALUES
(1,	1,	'Sign Up',	'50',	NULL,	'1',	'2021-11-18 12:47:38',	'2021-11-18 12:47:38'),
(2,	1,	'Sign Up',	'50',	NULL,	'1',	'2021-11-18 12:51:56',	'2021-11-18 12:51:56'),
(3,	2,	'Sign Up',	'50',	NULL,	'1',	'2021-11-18 12:57:47',	'2021-11-18 12:57:47'),
(4,	2,	'Sign Up',	'50',	NULL,	'1',	'2021-11-18 12:59:23',	'2021-11-18 12:59:23'),
(5,	3,	'Sign Up',	'50',	NULL,	'1',	'2021-11-18 13:10:25',	'2021-11-18 13:10:25'),
(6,	3,	'Sign Up',	'50',	NULL,	'1',	'2021-11-18 13:10:28',	'2021-11-18 13:10:28'),
(7,	3,	'Sign Up',	'50',	NULL,	'1',	'2021-11-18 13:10:57',	'2021-11-18 13:10:57'),
(8,	3,	'Sign Up',	'50',	NULL,	'1',	'2021-11-18 13:11:16',	'2021-11-18 13:11:16'),
(9,	3,	'Sign Up',	'50',	NULL,	'1',	'2021-11-18 13:11:50',	'2021-11-18 13:11:50'),
(10,	3,	'Sign Up',	'50',	NULL,	'1',	'2021-11-18 13:11:58',	'2021-11-18 13:11:58'),
(11,	3,	'Sign Up',	'50',	NULL,	'1',	'2021-11-18 13:12:07',	'2021-11-18 13:12:07'),
(12,	3,	'Sign Up',	'50',	NULL,	'1',	'2021-11-18 13:12:22',	'2021-11-18 13:12:22'),
(13,	3,	'Sign Up',	'50',	NULL,	'1',	'2021-11-18 13:12:48',	'2021-11-18 13:12:48'),
(14,	3,	'Sign Up',	'50',	NULL,	'1',	'2021-11-18 13:12:56',	'2021-11-18 13:12:56'),
(15,	3,	'Sign Up',	'50',	NULL,	'1',	'2021-11-18 13:13:10',	'2021-11-18 13:13:10'),
(16,	3,	'Sign Up',	'50',	NULL,	'1',	'2021-11-18 13:13:19',	'2021-11-18 13:13:19'),
(17,	3,	'Sign Up',	'50',	NULL,	'1',	'2021-11-18 13:13:31',	'2021-11-18 13:13:31'),
(18,	3,	'Sign Up',	'50',	NULL,	'1',	'2021-11-18 13:13:38',	'2021-11-18 13:13:38'),
(19,	3,	'Sign Up',	'50',	NULL,	'1',	'2021-11-18 13:13:55',	'2021-11-18 13:13:55'),
(20,	3,	'Sign Up',	'50',	NULL,	'1',	'2021-11-18 13:14:05',	'2021-11-18 13:14:05'),
(21,	3,	'Sign Up',	'50',	NULL,	'1',	'2021-11-18 13:14:15',	'2021-11-18 13:14:15'),
(22,	3,	'Sign Up',	'50',	NULL,	'1',	'2021-11-18 13:14:43',	'2021-11-18 13:14:43'),
(23,	3,	'Sign Up',	'50',	NULL,	'1',	'2021-11-18 13:15:04',	'2021-11-18 13:15:04'),
(24,	3,	'Sign Up',	'50',	NULL,	'1',	'2021-11-18 13:16:09',	'2021-11-18 13:16:09'),
(25,	3,	'Sign Up',	'50',	NULL,	'1',	'2021-11-18 13:16:28',	'2021-11-18 13:16:28'),
(26,	3,	'Sign Up',	'50',	NULL,	'1',	'2021-11-18 13:16:42',	'2021-11-18 13:16:42'),
(27,	1,	'limit reached',	'200',	NULL,	'1',	'2021-11-18 13:16:51',	'2021-11-18 13:16:51'),
(28,	3,	'Sign Up',	'50',	NULL,	'1',	'2021-11-18 13:16:51',	'2021-11-18 13:16:51'),
(29,	3,	'Sign Up',	'50',	NULL,	'1',	'2021-11-18 13:17:58',	'2021-11-18 13:17:58'),
(30,	2,	'limit reached',	'200',	NULL,	'1',	'2021-11-18 13:18:07',	'2021-11-18 13:18:07'),
(31,	3,	'Sign Up',	'50',	NULL,	'1',	'2021-11-18 13:18:07',	'2021-11-18 13:18:07'),
(32,	3,	'Sign Up',	'50',	NULL,	'1',	'2021-11-18 13:18:55',	'2021-11-18 13:18:55'),
(33,	4,	'Sign Up',	'50',	NULL,	'1',	'2021-11-18 13:22:11',	'2021-11-18 13:22:11'),
(34,	3,	'Sign Up',	'50',	NULL,	'1',	'2021-11-18 13:25:17',	'2021-11-18 13:25:17'),
(35,	5,	'Sign Up',	'50',	NULL,	'1',	'2021-11-19 08:32:03',	'2021-11-19 08:32:03'),
(36,	6,	'Sign Up',	'50',	NULL,	'1',	'2021-11-19 08:32:42',	'2021-11-19 08:32:42'),
(37,	7,	'Sign Up',	'50',	NULL,	'1',	'2021-11-19 08:33:59',	'2021-11-19 08:33:59'),
(38,	8,	'Sign Up',	'50',	NULL,	'1',	'2021-11-19 08:34:29',	'2021-11-19 08:34:29'),
(39,	8,	'Sign Up',	'50',	NULL,	'1',	'2021-11-19 08:34:34',	'2021-11-19 08:34:34'),
(40,	9,	'Sign Up',	'50',	NULL,	'1',	'2021-11-19 08:37:21',	'2021-11-19 08:37:21'),
(41,	1,	'Sign Up',	'50',	NULL,	'1',	'2021-11-19 12:12:02',	'2021-11-19 12:12:02'),
(42,	10,	'Sign Up',	'50',	NULL,	'1',	'2021-11-19 12:42:44',	'2021-11-19 12:42:44'),
(43,	1,	'Sign Up',	'50',	NULL,	'1',	'2021-11-19 12:47:23',	'2021-11-19 12:47:23'),
(44,	11,	'Sign Up',	'50',	NULL,	'1',	'2021-11-19 12:58:15',	'2021-11-19 12:58:15'),
(45,	12,	'Sign Up',	'50',	NULL,	'1',	'2021-11-19 13:11:14',	'2021-11-19 13:11:14'),
(46,	1,	'Sign Up',	'50',	NULL,	'1',	'2021-11-19 14:10:14',	'2021-11-19 14:10:14'),
(47,	1,	'Sign Up',	'50',	NULL,	'1',	'2021-11-19 14:10:22',	'2021-11-19 14:10:22'),
(48,	1,	'Sign Up',	'50',	NULL,	'1',	'2021-11-19 14:10:30',	'2021-11-19 14:10:30'),
(49,	1,	'Sign Up',	'50',	NULL,	'1',	'2021-11-19 14:10:39',	'2021-11-19 14:10:39'),
(50,	12,	'Sign Up',	'50',	NULL,	'1',	'2021-11-19 14:10:48',	'2021-11-19 14:10:48'),
(51,	1,	'Sign Up',	'50',	NULL,	'1',	'2021-11-19 14:10:56',	'2021-11-19 14:10:56'),
(52,	1,	'Sign Up',	'50',	NULL,	'1',	'2021-11-19 14:11:13',	'2021-11-19 14:11:13'),
(53,	1,	'Sign Up',	'50',	NULL,	'1',	'2021-11-19 14:11:23',	'2021-11-19 14:11:23'),
(54,	1,	'Sign Up',	'50',	NULL,	'1',	'2021-11-19 14:11:30',	'2021-11-19 14:11:30'),
(55,	1,	'Sign Up',	'50',	NULL,	'1',	'2021-11-19 14:11:37',	'2021-11-19 14:11:37'),
(56,	1,	'Sign Up',	'50',	NULL,	'1',	'2021-11-19 14:11:45',	'2021-11-19 14:11:45'),
(57,	1,	'Sign Up',	'50',	NULL,	'1',	'2021-11-19 14:11:55',	'2021-11-19 14:11:55'),
(58,	1,	'Sign Up',	'50',	NULL,	'1',	'2021-11-19 14:12:09',	'2021-11-19 14:12:09'),
(59,	1,	'Sign Up',	'50',	NULL,	'1',	'2021-11-19 14:12:15',	'2021-11-19 14:12:15'),
(60,	1,	'Sign Up',	'50',	NULL,	'1',	'2021-11-19 14:12:22',	'2021-11-19 14:12:22'),
(61,	1,	'Sign Up',	'50',	NULL,	'1',	'2021-11-19 14:12:30',	'2021-11-19 14:12:30'),
(62,	2,	'limit reached',	'200',	NULL,	'1',	'2021-11-19 14:12:37',	'2021-11-19 14:12:37'),
(63,	1,	'Sign Up',	'50',	NULL,	'1',	'2021-11-19 14:12:37',	'2021-11-19 14:12:37'),
(64,	1,	'Sign Up',	'50',	NULL,	'1',	'2021-11-19 14:12:45',	'2021-11-19 14:12:45'),
(65,	3,	'limit reached',	'200',	NULL,	'1',	'2021-11-19 14:12:52',	'2021-11-19 14:12:52'),
(66,	4,	'limit reached',	'200',	NULL,	'1',	'2021-11-19 14:12:52',	'2021-11-19 14:12:52'),
(67,	1,	'Sign Up',	'50',	NULL,	'1',	'2021-11-19 14:12:52',	'2021-11-19 14:12:52'),
(68,	5,	'limit reached',	'200',	NULL,	'1',	'2021-11-19 14:13:09',	'2021-11-19 14:13:09'),
(69,	1,	'Sign Up',	'50',	NULL,	'1',	'2021-11-19 14:13:09',	'2021-11-19 14:13:09'),
(70,	6,	'limit reached',	'200',	NULL,	'1',	'2021-11-19 14:13:16',	'2021-11-19 14:13:16'),
(71,	1,	'Sign Up',	'50',	NULL,	'1',	'2021-11-19 14:13:16',	'2021-11-19 14:13:16'),
(72,	7,	'limit reached',	'200',	NULL,	'1',	'2021-11-19 14:13:22',	'2021-11-19 14:13:22'),
(73,	1,	'Sign Up',	'50',	NULL,	'1',	'2021-11-19 14:13:22',	'2021-11-19 14:13:22'),
(74,	1,	'Sign Up',	'50',	NULL,	'1',	'2021-11-19 14:13:29',	'2021-11-19 14:13:29'),
(75,	8,	'limit reached',	'200',	NULL,	'1',	'2021-11-19 14:13:35',	'2021-11-19 14:13:35'),
(76,	1,	'Sign Up',	'50',	NULL,	'1',	'2021-11-19 14:13:35',	'2021-11-19 14:13:35'),
(77,	1,	'Sign Up',	'50',	NULL,	'1',	'2021-11-19 14:13:41',	'2021-11-19 14:13:41'),
(78,	9,	'limit reached',	'200',	NULL,	'1',	'2021-11-19 14:13:50',	'2021-11-19 14:13:50'),
(79,	1,	'Sign Up',	'50',	NULL,	'1',	'2021-11-19 14:13:50',	'2021-11-19 14:13:50'),
(80,	1,	'Sign Up',	'50',	NULL,	'1',	'2021-11-19 14:13:58',	'2021-11-19 14:13:58'),
(81,	10,	'limit reached',	'200',	NULL,	'1',	'2021-11-20 10:12:21',	'2021-11-20 10:12:21'),
(82,	4,	'Sign Up',	'50',	NULL,	'1',	'2021-11-20 10:12:21',	'2021-11-20 10:12:21'),
(83,	11,	'limit reached',	'200',	NULL,	'1',	'2021-11-20 10:12:56',	'2021-11-20 10:12:56'),
(84,	13,	'Sign Up',	'50',	NULL,	'1',	'2021-11-20 10:12:57',	'2021-11-20 10:12:57'),
(85,	13,	'Sign Up',	'50',	NULL,	'1',	'2021-11-20 10:13:29',	'2021-11-20 10:13:29'),
(86,	13,	'Sign Up',	'50',	NULL,	'1',	'2021-11-20 10:14:13',	'2021-11-20 10:14:13'),
(87,	13,	'Sign Up',	'50',	NULL,	'1',	'2021-11-20 10:14:30',	'2021-11-20 10:14:30'),
(88,	13,	'Sign Up',	'50',	NULL,	'1',	'2021-11-20 10:14:39',	'2021-11-20 10:14:39'),
(89,	13,	'Sign Up',	'50',	NULL,	'1',	'2021-11-20 10:15:08',	'2021-11-20 10:15:08'),
(90,	13,	'Sign Up',	'50',	NULL,	'1',	'2021-11-20 10:15:17',	'2021-11-20 10:15:17'),
(91,	13,	'Sign Up',	'50',	NULL,	'1',	'2021-11-20 10:15:27',	'2021-11-20 10:15:27'),
(92,	13,	'Sign Up',	'50',	NULL,	'1',	'2021-11-20 10:15:36',	'2021-11-20 10:15:36'),
(93,	13,	'Sign Up',	'50',	NULL,	'1',	'2021-11-20 10:15:45',	'2021-11-20 10:15:45'),
(94,	13,	'Sign Up',	'50',	NULL,	'1',	'2021-11-20 10:16:03',	'2021-11-20 10:16:03'),
(95,	13,	'Sign Up',	'50',	NULL,	'1',	'2021-11-20 10:16:11',	'2021-11-20 10:16:11'),
(96,	13,	'Sign Up',	'50',	NULL,	'1',	'2021-11-20 10:16:19',	'2021-11-20 10:16:19'),
(97,	13,	'Sign Up',	'50',	NULL,	'1',	'2021-11-20 10:16:28',	'2021-11-20 10:16:28'),
(98,	13,	'Sign Up',	'50',	NULL,	'1',	'2021-11-20 10:16:37',	'2021-11-20 10:16:37'),
(99,	13,	'Sign Up',	'50',	NULL,	'1',	'2021-11-20 10:16:50',	'2021-11-20 10:16:50'),
(100,	13,	'Sign Up',	'50',	NULL,	'1',	'2021-11-20 10:16:58',	'2021-11-20 10:16:58'),
(101,	13,	'Sign Up',	'50',	NULL,	'1',	'2021-11-20 10:17:29',	'2021-11-20 10:17:29'),
(102,	13,	'Sign Up',	'50',	NULL,	'1',	'2021-11-20 10:17:37',	'2021-11-20 10:17:37'),
(103,	2,	'limit reached',	'200',	NULL,	'1',	'2021-11-20 10:17:46',	'2021-11-20 10:17:46'),
(104,	13,	'Sign Up',	'50',	NULL,	'1',	'2021-11-20 10:17:46',	'2021-11-20 10:17:46'),
(105,	13,	'Sign Up',	'50',	NULL,	'1',	'2021-11-20 10:17:54',	'2021-11-20 10:17:54'),
(106,	3,	'limit reached',	'200',	NULL,	'1',	'2021-11-20 10:18:02',	'2021-11-20 10:18:02'),
(107,	13,	'Sign Up',	'50',	NULL,	'1',	'2021-11-20 10:18:02',	'2021-11-20 10:18:02'),
(108,	5,	'limit reached',	'200',	NULL,	'1',	'2021-11-20 10:18:11',	'2021-11-20 10:18:11'),
(109,	13,	'Sign Up',	'50',	NULL,	'1',	'2021-11-20 10:18:11',	'2021-11-20 10:18:11'),
(110,	6,	'limit reached',	'200',	NULL,	'1',	'2021-11-20 10:18:19',	'2021-11-20 10:18:19'),
(111,	13,	'Sign Up',	'50',	NULL,	'1',	'2021-11-20 10:18:19',	'2021-11-20 10:18:19'),
(112,	7,	'limit reached',	'200',	NULL,	'1',	'2021-11-20 10:18:29',	'2021-11-20 10:18:29'),
(113,	13,	'Sign Up',	'50',	NULL,	'1',	'2021-11-20 10:18:29',	'2021-11-20 10:18:29'),
(114,	13,	'Sign Up',	'50',	NULL,	'1',	'2021-11-20 10:18:56',	'2021-11-20 10:18:56'),
(115,	8,	'limit reached',	'200',	NULL,	'1',	'2021-11-20 10:19:06',	'2021-11-20 10:19:06'),
(116,	13,	'Sign Up',	'50',	NULL,	'1',	'2021-11-20 10:19:06',	'2021-11-20 10:19:06'),
(117,	13,	'Sign Up',	'50',	NULL,	'1',	'2021-11-20 10:21:45',	'2021-11-20 10:21:45'),
(118,	1,	'limit reached',	'200',	NULL,	'1',	'2021-11-20 10:24:10',	'2021-11-20 10:24:10'),
(119,	9,	'limit reached',	'200',	NULL,	'1',	'2021-11-20 10:24:10',	'2021-11-20 10:24:10'),
(120,	13,	'Sign Up',	'50',	NULL,	'1',	'2021-11-20 10:24:10',	'2021-11-20 10:24:10'),
(121,	4,	'limit reached',	'200',	NULL,	'1',	'2021-11-20 10:24:20',	'2021-11-20 10:24:20'),
(122,	12,	'limit reached',	'200',	NULL,	'1',	'2021-11-20 10:24:20',	'2021-11-20 10:24:20'),
(123,	13,	'Sign Up',	'50',	NULL,	'1',	'2021-11-20 10:24:20',	'2021-11-20 10:24:20'),
(124,	10,	'limit reached',	'200',	NULL,	'1',	'2021-11-20 10:24:52',	'2021-11-20 10:24:52'),
(125,	13,	'Sign Up',	'50',	NULL,	'1',	'2021-11-20 10:24:52',	'2021-11-20 10:24:52'),
(126,	11,	'limit reached',	'200',	NULL,	'1',	'2021-12-14 12:10:06',	'2021-12-14 12:10:06'),
(127,	4,	'Sign Up',	'50',	NULL,	'1',	'2021-12-14 12:10:06',	'2021-12-14 12:10:06'),
(128,	14,	'Sign Up',	'50',	NULL,	'1',	'2021-12-14 12:10:35',	'2021-12-14 12:10:35'),
(129,	15,	'Sign Up',	'50',	NULL,	'1',	'2021-12-23 09:21:06',	'2021-12-23 09:21:06'),
(130,	16,	'Sign Up',	'50',	NULL,	'1',	'2021-12-23 11:31:00',	'2021-12-23 11:31:00'),
(131,	4,	'Sign Up',	'50',	NULL,	'1',	'2021-12-30 09:42:12',	'2021-12-30 09:42:12'),
(132,	17,	'Sign Up',	'50',	NULL,	'1',	'2021-12-30 09:45:06',	'2021-12-30 09:45:06'),
(133,	18,	'Sign Up',	'50',	NULL,	'1',	'2022-01-28 12:18:17',	'2022-01-28 12:18:17'),
(134,	16,	'Sign Up',	'50',	NULL,	'1',	'2022-01-28 12:24:32',	'2022-01-28 12:24:32'),
(135,	19,	'Sign Up',	'50',	NULL,	'1',	'2022-01-28 12:30:45',	'2022-01-28 12:30:45'),
(136,	20,	'Sign Up',	'50',	NULL,	'1',	'2022-02-09 10:00:17',	'2022-02-09 10:00:17'),
(137,	21,	'Sign Up',	'50',	NULL,	'1',	'2022-02-09 10:14:17',	'2022-02-09 10:14:17'),
(138,	21,	'Sign Up',	'50',	NULL,	'1',	'2022-02-09 10:16:00',	'2022-02-09 10:16:00'),
(139,	3,	'Sign Up',	'50',	NULL,	'1',	'2022-02-09 11:13:35',	'2022-02-09 11:13:35'),
(148,	4,	'Sign Up',	'50',	NULL,	'1',	'2022-03-11 09:59:06',	'2022-03-11 09:59:06'),
(150,	2,	'limit reached',	'200',	NULL,	'1',	'2022-03-11 10:03:56',	'2022-03-11 10:03:56'),
(152,	24,	'Sign Up',	'50',	NULL,	'1',	'2022-03-11 10:03:56',	'2022-03-11 10:03:56'),
(154,	5,	'limit reached',	'200',	NULL,	'1',	'2022-03-11 10:10:41',	'2022-03-11 10:10:41'),
(155,	24,	'Sign Up',	'50',	NULL,	'1',	'2022-03-11 10:10:41',	'2022-03-11 10:10:41'),
(156,	6,	'limit reached',	'200',	NULL,	'1',	'2022-03-11 10:15:45',	'2022-03-11 10:15:45'),
(158,	7,	'limit reached',	'200',	NULL,	'1',	'2022-03-11 10:21:02',	'2022-03-11 10:21:02'),
(162,	8,	'limit reached',	'200',	NULL,	'1',	'2022-03-11 10:24:49',	'2022-03-11 10:24:49'),
(165,	1,	'limit reached',	'200',	NULL,	'1',	'2022-03-11 10:33:15',	'2022-03-11 10:33:15'),
(166,	9,	'limit reached',	'200',	NULL,	'1',	'2022-03-11 10:33:15',	'2022-03-11 10:33:15'),
(167,	27,	'Sign Up',	'50',	NULL,	'1',	'2022-03-11 10:33:16',	'2022-03-11 10:33:16'),
(168,	12,	'limit reached',	'200',	NULL,	'1',	'2022-03-11 10:46:39',	'2022-03-11 10:46:39'),
(169,	24,	'Sign Up',	'50',	NULL,	'1',	'2022-03-11 10:46:39',	'2022-03-11 10:46:39');

DROP TABLE IF EXISTS `users`;
CREATE TABLE `users` (
  `id` bigint unsigned NOT NULL AUTO_INCREMENT,
  `name` varchar(255) CHARACTER SET utf8mb4 COLLATE utf8mb4_unicode_ci NOT NULL,
  `profile_id` bigint unsigned DEFAULT NULL,
  `is_admin` tinyint(1) NOT NULL DEFAULT '0',
  `email` varchar(255) CHARACTER SET utf8mb4 COLLATE utf8mb4_unicode_ci NOT NULL,
  `phone` varchar(255) CHARACTER SET utf8mb4 COLLATE utf8mb4_unicode_ci DEFAULT NULL,
  `email_verified_at` timestamp NULL DEFAULT NULL,
  `password` varchar(255) CHARACTER SET utf8mb4 COLLATE utf8mb4_unicode_ci NOT NULL,
  `remember_token` varchar(100) CHARACTER SET utf8mb4 COLLATE utf8mb4_unicode_ci DEFAULT NULL,
  `status` tinyint(1) NOT NULL DEFAULT '1',
  `created_at` timestamp NULL DEFAULT NULL,
  `updated_at` timestamp NULL DEFAULT NULL,
  PRIMARY KEY (`id`),
  UNIQUE KEY `users_email_unique` (`email`),
  KEY `users_profile_id_foreign` (`profile_id`),
  CONSTRAINT `users_profile_id_foreign` FOREIGN KEY (`profile_id`) REFERENCES `profile` (`id`) ON DELETE CASCADE
) ENGINE=InnoDB DEFAULT CHARSET=utf8mb4 COLLATE=utf8mb4_unicode_ci;

INSERT INTO `users` (`id`, `name`, `profile_id`, `is_admin`, `email`, `phone`, `email_verified_at`, `password`, `remember_token`, `status`, `created_at`, `updated_at`) VALUES
(1,	'Admin',	1,	1,	'admin@web.com',	'admin@web.com',	NULL,	'$2y$10$nPi77CFUXXHHmxMnF1u57Oo5yhbb6/6QwUf/3mfcHJFFgPkpYmyPq',	NULL,	1,	'2021-11-11 04:34:52',	'2022-02-09 10:38:38'),
(2,	'test',	2,	0,	'M-11182',	NULL,	NULL,	'$2y$10$nPi77CFUXXHHmxMnF1u57Oo5yhbb6/6QwUf/3mfcHJFFgPkpYmyPq',	NULL,	1,	'2021-11-18 12:57:47',	'2021-11-19 16:45:38'),
(3,	'priya',	3,	0,	'M-11183',	NULL,	NULL,	'$2y$10$/0Kvp0wRJNgQshfokUfK2Oy.eMBjrcXHOIjXp4huE4KcHYUbNmyBa',	NULL,	1,	'2021-11-18 13:10:25',	'2021-11-19 16:46:47'),
(4,	'nivy',	4,	0,	'M-11184',	NULL,	NULL,	'$2y$10$M/SEzU6P6MhTe8rs/XLW1uX2HxCnAqMnBvP6ZcHRfKPXuNMA/yBy6',	NULL,	1,	'2021-11-18 13:22:11',	'2022-02-09 10:12:02'),
(5,	'Roshan',	5,	0,	'M-11195',	NULL,	NULL,	'$2y$10$SqZ7hA1QR1XK/Y1c2TJu4e1x2CwdkgGb5WbkWVGcccQUgtThpapym',	NULL,	1,	'2021-11-19 08:32:03',	'2021-11-19 08:32:03'),
(6,	'Latha',	6,	0,	'M-11196',	NULL,	NULL,	'$2y$10$/TGibHIkFeWeo1ZxlBGq6.4.XGA/ZV9/KljQXQIwAnxC9AI.CgTey',	NULL,	1,	'2021-11-19 08:32:42',	'2021-11-19 08:32:42'),
(7,	'RoshanR',	7,	0,	'M-11197',	NULL,	NULL,	'$2y$10$AaFRtxt0HKwEmXs50kce1OwBpjg1LXogVCD07HnFLswTpx6q7tRtO',	NULL,	1,	'2021-11-19 08:33:59',	'2021-11-19 08:33:59'),
(8,	'IruthayaRoshan',	8,	0,	'M-11198',	NULL,	NULL,	'$2y$10$G4kGOnZSzLgPbG/mVRPC2utInlz1.cnMz8sTIemKKIfM6cTQrf9rG',	NULL,	1,	'2021-11-19 08:34:29',	'2021-11-19 08:34:29'),
(9,	'Dhinesh',	9,	0,	'M-11199',	NULL,	NULL,	'$2y$10$1UAPrHW1JPWTDc5RJzfN6eYSLryhuXty8Ga.3Ui5JHPC2Vd97fsjK',	NULL,	1,	'2021-11-19 08:37:21',	'2021-11-19 08:37:21'),
(10,	'Priya',	10,	0,	'M-111910',	NULL,	NULL,	'$2y$10$/Qq4NPRcqYaatZ0K65WUseNKxb/WCYGzhn68tM3yNW1GtludubQau',	NULL,	1,	'2021-11-19 12:42:44',	'2021-11-19 12:42:44'),
(11,	'webstromer',	11,	0,	'M-111911',	NULL,	NULL,	'$2y$10$ClBCnU87kDPj1LhthF.JOuDbov2iwWjQI0l5JG0NXF.fpbsm0Quam',	NULL,	1,	'2021-11-19 12:58:15',	'2021-11-19 14:39:18'),
(12,	'test',	12,	0,	'M-111912',	NULL,	NULL,	'$2y$10$glSRIIUzwIoHz1iRY/SbkuC5yz8zYbniL.w6tW8fa1D6B/0WJCLPi',	NULL,	1,	'2021-11-19 13:11:14',	'2021-11-19 13:11:14'),
(13,	'priyanka',	13,	0,	'M-112013',	NULL,	NULL,	'$2y$10$iS6c/c6TEllIdK7Q4gC19eqRGME/LlmvB6nfW1lv76iHiLv9QjRMq',	NULL,	1,	'2021-11-20 10:12:57',	'2021-11-20 10:12:57'),
(14,	'mari',	14,	0,	'M-121414',	NULL,	NULL,	'$2y$10$8xH1HN/qB35S3skBrXgFHugFjviJHG9nF.aPjYBnpJ9b7eb5F1uyG',	NULL,	1,	'2021-12-14 12:10:35',	'2021-12-14 12:10:35'),
(15,	'winson',	15,	0,	'M-122315',	NULL,	NULL,	'$2y$10$/KGOl9glzbqE3vxSPRmQ3usz4tpE9Liouddyt/c5kJMUP9ppoM8Pm',	NULL,	1,	'2021-12-23 09:21:06',	'2021-12-23 09:21:06'),
(16,	'Arun',	16,	0,	'M-122316',	NULL,	NULL,	'$2y$10$y/5AQSUqDL7m1p6HRbMgXOe46oIDPGT.5PMGj1Jhz39AoEyhtNir6',	NULL,	1,	'2021-12-23 11:31:00',	'2022-01-28 12:29:58'),
(17,	'NAVEEN',	17,	0,	'M-123017',	NULL,	NULL,	'$2y$10$/SMLRask4CuFiiDR2.BL6uojaR2zExNqgudbqFMWwqHwF4HFEAbnS',	NULL,	1,	'2021-12-30 09:45:06',	'2021-12-30 09:45:06'),
(18,	'Alex',	18,	0,	'M-012818',	NULL,	NULL,	'$2y$10$RWPeyekecgDHmIKmwflRM.h2afrAMB/jOUJObokxX8LFDfbzYsvZq',	NULL,	1,	'2022-01-28 12:18:17',	'2022-01-28 12:18:17'),
(19,	'Arun Kumar K',	19,	0,	'M-012819',	NULL,	NULL,	'$2y$10$hcTqazmKwBaJo/u9XZKCq.GHeo.hywv/fvAmtg/9kbcMRoVbg5nvC',	NULL,	1,	'2022-01-28 12:30:45',	'2022-01-28 12:30:45'),
(20,	'krishna',	20,	0,	'M-020920',	NULL,	NULL,	'$2y$10$MiEpMqqOQl983AIBGqzF9OPHarD3UnBxdYTXLm5rl1XteQRbFEBPu',	NULL,	1,	'2022-02-09 10:00:17',	'2022-02-09 10:00:17'),
(21,	'mydeen',	21,	0,	'M-020921',	NULL,	NULL,	'$2y$10$isXsuMYfrmQox3LrGIJIIOfGwKN04vEgntb4cjax2Oj9iGKhYPHlm',	NULL,	1,	'2022-02-09 10:14:17',	'2022-02-09 10:14:17'),
(24,	'jamal',	24,	0,	'M-020924',	'8428937026',	NULL,	'$2y$10$POXtttoDOYeFz7zjXRhEseR5/kZH9xGxuBXZWp23MYfU/txYQAsdG',	NULL,	1,	'2022-03-11 10:03:56',	'2022-03-11 10:03:56'),
(27,	'Alex',	27,	0,	'M-031127',	'8973879089',	NULL,	'$2y$10$xxReJw4KvOI5ESeIncrhfeiadEs7OYdOfpO7p2i9o4uHsfBoiGmru',	NULL,	1,	'2022-03-11 10:33:16',	'2022-03-11 11:38:40');

-- 2022-03-11 08:12:25
